{
  "project_info": {
    "project_number": "655317428333",
    "firebase_url": "https://logindemo-5373a.firebaseio.com",
    "project_id": "logindemo-5373a",
    "storage_bucket": "logindemo-5373a.appspot.com"
  },
  "client": [
    {
      "client_info": {
        "mobilesdk_app_id": "1:655317428333:android:eeaec9205d21cb1d",
        "android_client_info": {
          "package_name": "com.example.android.logindemo"
        }
      },
      "oauth_client": [
        {
          "client_id": "655317428333-uh62uq710bi503mpvk4vt3i6ag67uqmr.apps.googleusercontent.com",
          "client_type": 3
        }
      ],
      "api_key": [
        {
          "current_key": "AIzaSyBNUlyr5D-MFDsMmvUgDWNoSUTWcbPgubM"
        }
      ],
      "services": {
        "analytics_service": {
          "status": 1
        },
        "appinvite_service": {
          "status": 1,
          "other_platform_oauth_client": []
        },
        "ads_service": {
          "status": 2
        }
      }
    },
    {
      "client_info": {
        "mobilesdk_app_id": "1:655317428333:android:b6d31df7b3ced624",
        "android_client_info": {
          "package_name": "com.microsoft.projectoxford.faceapisample"
        }
      },
      "oauth_client": [
        {
          "client_id": "655317428333-uh62uq710bi503mpvk4vt3i6ag67uqmr.apps.googleusercontent.com",
          "client_type": 3
        }
      ],
      "api_key": [
        {
          "current_key": "AIzaSyBNUlyr5D-MFDsMmvUgDWNoSUTWcbPgubM"
        }
      ],
      "services": {
        "analytics_service": {
          "status": 1
        },
        "appinvite_service": {
          "status": 1,
          "other_platform_oauth_client": []
        },
        "ads_service": {
          "status": 2
        }
      }
    }
  ],
  "configuration_version": "1"
}